Tipo_corrente;n1;Pp
40;12;0.1
40;13;0.1
40;14;0.1
40;15;0.1
40;16;0.1
40;17;0.1
40;18;0.1
40;19;0.1
40;20;0.1
40;14;0.125
40;15;0.125
40;16;0.125
40;17;0.125
40;18;0.125
40;19;0.125
40;20;0.125
40;21;0.125
40;15;0.15
40;16;0.15
40;17;0.15
40;18;0.15
40;19;0.15
40;20;0.15
40;21;0.15
40;22;0.15
40;23;0.15
40;24;0.15
40;17;0.175
40;18;0.175
40;19;0.175
40;20;0.175
40;21;0.175
40;22;0.175
40;23;0.175
40;24;0.175
40;25;0.175
40;26;0.175
40;27;0.175
40;28;0.175
40;29;0.175
40;21;0.2
40;22;0.2
40;23;0.2
40;24;0.2
40;25;0.2
40;26;0.2
40;27;0.2
40;28;0.2
40;29;0.2
40;30;0.2
40;31;0.2
40;32;0.2
40;33;0.2
40;34;0.2
40;35;0.2
40;36;0.2
40;37;0.2
40;38;0.2
40;27;0.25
40;28;0.25
40;29;0.25
40;30;0.25
40;31;0.25
40;32;0.25
40;33;0.25
40;34;0.25
40;35;0.25
40;36;0.25
40;37;0.25
40;38;0.25
40;39;0.25
40;40;0.25
40;42;0.25
40;32;0.3
40;34;0.3
40;36;0.3
40;38;0.3
40;40;0.3
40;42;0.3
40;44;0.3
40;46;0.3
40;48;0.3
40;50;0.3
40;52;0.3
40;54;0.3
40;41;0.375
40;43;0.375
40;45;0.375
40;47;0.375
40;49;0.375
40;51;0.375
40;53;0.375
40;55;0.375
40;57;0.375
40;59;0.375
40;61;0.375
40;63;0.375
40;65;0.375
40;67;0.375
40;69;0.375
40;51;0.4
40;53;0.4
40;55;0.4
40;57;0.4
40;59;0.4
40;61;0.4
40;63;0.4
40;65;0.4
40;67;0.4
40;69;0.4
40;71;0.4
40;73;0.4
40;75;0.4
40;77;0.4
40;79;0.4
40;81;0.4
40;83;0.4
40;85;0.4
40;87;0.4
40;89;0.4
40;60;0.5
40;63;0.5
40;66;0.5
40;69;0.5
40;72;0.5
40;75;0.5
40;78;0.5
40;81;0.5
40;84;0.5
40;87;0.5
40;90;0.5
40;93;0.5
40;96;0.5
40;99;0.5
40;70;0.6
40;75;0.6
40;80;0.6
40;85;0.6
40;90;0.6
40;95;0.6
40;100;0.6
40;105;0.6
40;110;0.6
40;115;0.6
40;120;0.6
40;125;0.6
40;130;0.6
40;90;0.7
40;95;0.7
40;100;0.7
40;105;0.7
40;110;0.7
40;115;0.7
40;120;0.7
40;125;0.7
40;130;0.7
40;135;0.7
40;140;0.7
40;145;0.7
40;150;0.7
40;155;0.7
40;160;0.7
40;120;0.9
40;125;0.9
40;130;0.9
40;135;0.9
40;140;0.9
40;145;0.9
40;150;0.9
40;155;0.9
40;160;0.9
40;165;0.9
40;170;0.9
40;175;0.9
40;180;0.9
40;185;0.9
40;190;0.9
40;195;0.9
40;150;1.25
40;155;1.25
40;160;1.25
40;165;1.25
40;170;1.25
40;175;1.25
40;180;1.25
40;185;1.25
40;190;1.25
40;195;1.25
40;200;1.25
40;205;1.25
40;210;1.25
40;215;1.25
40;220;1.25
40;225;1.25
40;230;1.25
40;235;1.25
40;175;1.5
40;180;1.5
40;185;1.5
40;190;1.5
40;195;1.5
40;200;1.5
40;205;1.5
40;210;1.5
40;215;1.5
40;220;1.5
40;225;1.5
40;230;1.5
40;235;1.5
40;240;1.5
40;245;1.5
40;250;1.5
40;255;1.5
40;260;1.5
40;265;1.5
40;270;1.5
40;275;1.5
40;280;1.5
40;285;1.5
40;290;1.5
40;210;1.75
40;220;1.75
40;230;1.75
40;240;1.75
40;250;1.75
40;260;1.75
40;270;1.75
40;280;1.75
40;290;1.75
40;300;1.75
40;310;1.75
40;320;1.75
40;330;1.75
40;340;1.75
40;350;1.75
40;360;1.75
40;370;1.75
40;260;2
40;285;2
40;310;2
40;335;2
40;360;2
40;385;2
40;410;2
40;435;2
40;460;2
40;325;2
40;350;2
40;375;2
40;400;2
40;425;2
40;450;2
40;475;2
40;500;2
40;525;2
40;550;2
40;325;2.5
40;350;2.5
40;375;2.5
40;400;2.5
40;425;2.5
40;450;2.5
40;475;2.5
40;500;2.5
40;525;2.5
40;550;2.5
40;400;3
40;425;3
40;450;3
40;475;3
40;500;3
40;525;3
40;550;3
40;575;3
40;600;3
40;625;3
40;650;3
40;675;3
40;700;3
40;475;3.5
40;500;3.5
40;525;3.5
40;550;3.5
40;575;3.5
40;600;3.5
40;625;3.5
40;650;3.5
40;675;3.5
40;700;3.5
40;725;3.5
40;750;3.5
40;775;3.5
40;800;3.5
40;600;4
40;625;4
40;650;4
40;675;4
40;700;4
40;725;4
40;750;4
40;775;4
40;800;4
40;825;4
40;850;4
40;875;4
40;900;4
40;925;4
40;950;4
40;975;4
40;1000;4
40;700;5
40;725;5
40;750;5
40;775;5
40;800;5
40;825;5
40;850;5
40;875;5
40;900;5
40;925;5
40;950;5
40;975;5
40;1000;5
40;1025;5
40;1050;5
40;1075;5
40;1100;5
40;1125;5
40;1150;5
40;1175;5
40;1200;5
40;875;6
40;900;6
40;925;6
40;950;6
40;975;6
40;1000;6
40;1025;6
40;1050;6
40;1075;6
40;1100;6
40;1125;6
40;1150;6
40;1175;6
40;1200;6
40;1225;6
40;1250;6
40;1275;6
40;1300;6
40;1325;6
40;1350;6
40;1375;6
40;1400;6
40;1425;6
40;1450;6
40;1475;6
40;1500;6
40;1000;7
40;1250;7
40;1500;7
40;1750;7
40;2000;7
40;2250;7
40;2500;7
40;2750;7
40;3000;7
40;1500;8
40;1750;8
40;2000;8
40;2250;8
40;2500;8
50;5;0.1
50;5.5;0.1
50;6;0.1
50;6.5;0.1
50;7;0.1
50;7.5;0.1
50;8;0.1
50;8.5;0.1
50;9;0.1
50;6.5;0.125
50;7;0.125
50;7.5;0.125
50;8;0.125
50;8.5;0.125
50;9;0.125
50;9.5;0.125
50;10;0.125
50;10.5;0.125
50;6.5;0.15
50;7;0.15
50;7.5;0.15
50;8;0.15
50;8.5;0.15
50;9;0.15
50;9.5;0.15
50;10;0.15
50;10.5;0.15
50;8;0.175
50;9;0.175
50;10;0.175
50;11;0.175
50;12;0.175
50;13;0.175
50;14;0.175
50;9;0.2
50;10;0.2
50;11;0.2
50;12;0.2
50;13;0.2
50;14;0.2
50;15;0.2
50;16;0.2
50;17;0.2
50;12;0.25
50;13;0.25
50;14;0.25
50;15;0.25
50;16;0.25
50;17;0.25
50;18;0.25
50;19;0.25
50;20;0.25
50;15;0.3
50;16;0.3
50;17;0.3
50;18;0.3
50;19;0.3
50;20;0.3
50;21;0.3
50;22;0.3
50;23;0.3
50;24;0.3
50;17;0.375
50;18;0.375
50;19;0.375
50;20;0.375
50;21;0.375
50;22;0.375
50;23;0.375
50;24;0.375
50;25;0.375
50;26;0.375
50;27;0.375
50;28;0.375
50;29;0.375
50;21;0.4
50;22;0.4
50;23;0.4
50;24;0.4
50;25;0.4
50;26;0.4
50;27;0.4
50;28;0.4
50;29;0.4
50;30;0.4
50;31;0.4
50;32;0.4
50;33;0.4
50;34;0.4
50;35;0.4
50;36;0.4
50;27;0.5
50;28;0.5
50;29;0.5
50;30;0.5
50;31;0.5
50;32;0.5
50;33;0.5
50;34;0.5
50;35;0.5
50;36;0.5
50;37;0.5
50;38;0.5
50;39;0.5
50;40;0.5
50;42;0.5
50;32;0.6
50;34;0.6
50;36;0.6
50;38;0.6
50;40;0.6
50;42;0.6
50;44;0.6
50;46;0.6
50;48;0.6
50;50;0.6
50;52;0.6
50;54;0.6
50;41;0.7
50;43;0.7
50;45;0.7
50;47;0.7
50;49;0.7
50;51;0.7
50;53;0.7
50;55;0.7
50;57;0.7
50;59;0.7
50;61;0.7
50;63;0.7
50;65;0.7
50;67;0.7
50;69;0.7
50;51;0.9
50;53;0.9
50;55;0.9
50;57;0.9
50;59;0.9
50;61;0.9
50;63;0.9
50;65;0.9
50;67;0.9
50;69;0.9
50;71;0.9
50;73;0.9
50;75;0.9
50;77;0.9
50;79;0.9
50;81;0.9
50;83;0.9
50;85;0.9
50;87;0.9
50;89;0.9
50;65;1.25
50;70;1.25
50;75;1.25
50;80;1.25
50;85;1.25
50;90;1.25
50;95;1.25
50;100;1.25
50;105;1.25
50;110;1.25
50;115;1.25
50;80;1.5
50;85;1.5
50;90;1.5
50;95;1.5
50;100;1.5
50;105;1.5
50;110;1.5
50;115;1.5
50;120;1.5
50;125;1.5
50;130;1.5
50;135;1.5
50;90;1.75
50;95;1.75
50;100;1.75
50;105;1.75
50;110;1.75
50;115;1.75
50;120;1.75
50;125;1.75
50;130;1.75
50;135;1.75
50;140;1.75
50;145;1.75
50;150;1.75
50;155;1.75
50;160;1.75
50;130;2
50;140;2
50;150;2
50;160;2
50;170;2
50;180;2
50;190;2
50;200;2
50;150;2.5
50;160;2.5
50;170;2.5
50;180;2.5
50;190;2.5
50;200;2.5
50;210;2.5
50;220;2.5
50;230;2.5
50;240;2.5
50;250;2.5
50;190;3
50;200;3
50;210;3
50;220;3
50;230;3
50;240;3
50;250;3
50;260;3
50;270;3
50;280;3
50;290;3
50;300;3
50;220;3.5
50;230;3.5
50;240;3.5
50;250;3.5
50;260;3.5
50;270;3.5
50;280;3.5
50;290;3.5
50;300;3.5
50;310;3.5
50;320;3.5
50;330;3.5
50;340;3.5
50;350;3.5
50;360;3.5
50;370;3.5
50;380;3.5
50;260;4
50;285;4
50;310;4
50;335;4
50;360;4
50;385;4
50;410;4
50;435;4
50;460;4
50;325;4
50;350;4
50;375;4
50;400;4
50;425;4
50;450;4
50;475;4
50;500;4
50;525;4
50;550;4
50;325;5
50;350;5
50;375;5
50;400;5
50;425;5
50;450;5
50;475;5
50;500;5
50;525;5
50;550;5
50;400;6
50;425;6
50;450;6
50;475;6
50;500;6
50;525;6
50;550;6
50;575;6
50;600;6
50;625;6
50;650;6
50;675;6
50;475;7
50;500;7
50;525;7
50;550;7
50;575;7
50;600;7
50;625;7
50;650;7
50;675;7
50;700;7
50;725;7
50;750;7
50;775;7
50;800;7
50;600;8.5
50;625;8.5
50;650;8.5
50;675;8.5
50;700;8.5
50;725;8.5
50;750;8.5
50;775;8.5
50;800;8.5
50;825;8.5
50;850;8.5
50;875;8.5
50;900;8.5
50;925;8.5
50;950;8.5
50;975;8.5
50;1000;8.5
50;700;10
50;725;10
50;750;10
50;775;10
50;800;10
50;825;10
50;850;10
50;875;10
50;900;10
50;925;10
50;950;10
50;975;10
50;1000;10
50;1025;10
50;1050;10
50;1075;10
50;1100;10
50;1125;10
50;1150;10
50;1175;10
50;1200;10
50;875;13
50;900;13
50;925;13
50;950;13
50;975;13
50;1000;13
50;1025;13
50;1050;13
50;1075;13
50;1100;13
50;1125;13
50;1150;13
50;1175;13
50;1200;13
50;1225;13
50;1250;13
50;1275;13
50;1300;13
50;1325;13
50;1350;13
50;1375;13
50;1400;13
50;1425;13
50;1450;13
50;1475;13
50;1500;13
50;1600;13
50;1700;13
50;1800;13
50;1900;13
50;2000;13
50;1200;15
50;1300;15
50;1400;15
50;1500;15
50;1600;15
50;1700;15
50;1800;15
50;1900;15
50;2000;15
60;2.7;0.1
60;3;0.1
60;3.5;0.1
60;4;0.1
60;4.2;0.1
60;3.5;0.125
60;4.5;0.125
60;5;0.125
60;4;0.15
60;4.5;0.15
60;5;0.15
60;5.5;0.15
60;6;0.15
60;4;0.175
60;4.5;0.175
60;5;0.175
60;5.5;0.175
60;6;0.175
60;5;0.2
60;5.5;0.2
60;6;0.2
60;6.5;0.2
60;7;0.2
60;8;0.2
60;9;0.2
60;10;0.2
60;6;0.225
60;7;0.225
60;8;0.225
60;9;0.225
60;10;0.225
60;6;0.25
60;7;0.25
60;8;0.25
60;9;0.25
60;10;0.25
60;8;0.275
60;9;0.275
60;10;0.275
60;11;0.275
60;12;0.275
60;13;0.275
60;14;0.275
60;8;0.3
60;9;0.3
60;10;0.3
60;11;0.3
60;12;0.3
60;13;0.3
60;14;0.3
60;10;0.35
60;11;0.35
60;12;0.35
60;13;0.35
60;14;0.35
60;15;0.35
60;16;0.35
60;17;0.35
60;13;0.4
60;14;0.4
60;15;0.4
60;16;0.4
60;17;0.4
60;18;0.4
60;19;0.4
60;20;0.4
60;15;0.5
60;16;0.5
60;17;0.5
60;18;0.5
60;19;0.5
60;20;0.5
60;21;0.5
60;22;0.5
60;23;0.5
60;24;0.5
60;17;0.6
60;18;0.6
60;19;0.6
60;20;0.6
60;21;0.6
60;22;0.6
60;23;0.6
60;24;0.6
60;25;0.6
60;26;0.6
60;27;0.6
60;28;0.6
60;29;0.6
60;21;0.7
60;22;0.7
60;23;0.7
60;24;0.7
60;25;0.7
60;26;0.7
60;27;0.7
60;28;0.7
60;29;0.7
60;30;0.7
60;31;0.7
60;32;0.7
60;33;0.7
60;34;0.7
60;35;0.7
60;36;0.7
60;37;0.7
60;38;0.7
60;27;0.8
60;28;0.8
60;29;0.8
60;30;0.8
60;31;0.8
60;32;0.8
60;33;0.8
60;34;0.8
60;35;0.8
60;36;0.8
60;37;0.8
60;38;0.8
60;39;0.8
60;40;0.8
60;42;0.8
60;27;0.9
60;28;0.9
60;29;0.9
60;30;0.9
60;31;0.9
60;32;0.9
60;33;0.9
60;34;0.9
60;35;0.9
60;36;0.9
60;37;0.9
60;38;0.9
60;39;0.9
60;40;0.9
60;42;0.9
60;32;1
60;34;1
60;36;1
60;38;1
60;40;1
60;42;1
60;44;1
60;46;1
60;48;1
60;50;1
60;52;1
60;54;1
60;41;1.25
60;43;1.25
60;45;1.25
60;47;1.25
60;49;1.25
60;51;1.25
60;53;1.25
60;55;1.25
60;57;1.25
60;59;1.25
60;61;1.25
60;63;1.25
60;65;1.25
60;67;1.25
60;69;1.25
60;41;1.5
60;43;1.5
60;45;1.5
60;47;1.5
60;49;1.5
60;51;1.5
60;53;1.5
60;55;1.5
60;57;1.5
60;59;1.5
60;61;1.5
60;63;1.5
60;65;1.5
60;67;1.5
60;69;1.5
60;51;1.75
60;53;1.75
60;55;1.75
60;57;1.75
60;59;1.75
60;61;1.75
60;63;1.75
60;65;1.75
60;67;1.75
60;69;1.75
60;71;1.75
60;73;1.75
60;75;1.75
60;77;1.75
60;79;1.75
60;81;1.75
60;83;1.75
60;85;1.75
60;87;1.75
60;89;1.75
60;65;2
60;70;2
60;75;2
60;80;2
60;85;2
60;90;2
60;95;2
60;100;2
60;105;2
60;110;2
60;115;2
60;80;2.5
60;85;2.5
60;90;2.5
60;95;2.5
60;100;2.5
60;105;2.5
60;110;2.5
60;115;2.5
60;120;2.5
60;125;2.5
60;130;2.5
60;135;2.5
60;90;3
60;95;3
60;100;3
60;105;3
60;110;3
60;115;3
60;120;3
60;125;3
60;130;3
60;135;3
60;140;3
60;145;3
60;150;3
60;155;3
60;160;3
60;130;3.5
60;140;3.5
60;150;3.5
60;160;3.5
60;170;3.5
60;180;3.5
60;190;3.5
60;200;3.5
60;150;4
60;160;4
60;170;4
60;180;4
60;190;4
60;200;4
60;210;4
60;220;4
60;230;4
60;240;4
60;250;4
60;190;5
60;200;5
60;210;5
60;220;5
60;230;5
60;240;5
60;250;5
60;260;5
60;270;5
60;280;5
60;290;5
60;300;5
60;220;6
60;230;6
60;240;6
60;250;6
60;260;6
60;270;6
60;280;6
60;290;6
60;300;6
60;310;6
60;320;6
60;330;6
60;340;6
60;350;6
60;360;6
60;370;6
60;380;6
60;260;7
60;285;7
60;310;7
60;335;7
60;360;7
60;385;7
60;410;7
60;435;7
60;460;7
60;325;8.5
60;350;8.5
60;375;8.5
60;400;8.5
60;425;8.5
60;450;8.5
60;475;8.5
60;500;8.5
60;525;8.5
60;550;8.5
60;400;10
60;425;10
60;450;10
60;475;10
60;500;10
60;525;10
60;550;10
60;575;10
60;600;10
60;625;10
60;650;10
60;675;10
60;475;13
60;500;13
60;525;13
60;550;13
60;575;13
60;600;13
60;625;13
60;650;13
60;675;13
60;700;13
60;725;13
60;750;13
60;775;13
60;800;13
60;525;15
60;550;15
60;575;15
60;600;15
60;625;15
60;650;15
60;675;15
60;700;15
60;725;15
60;750;15
60;775;15
60;800;15
60;825;15
60;850;15
60;875;15
60;700;18
60;725;18
60;750;18
60;775;18
60;800;18
60;825;18
60;850;18
60;875;18
60;900;18
60;925;18
60;950;18
60;975;18
60;1000;18
60;1025;18
60;1050;18
60;1075;18
60;1100;18
60;1125;18
60;1150;18
60;1175;18
60;1200;18
60;900;22
60;1000;22
60;1100;22
60;1200;22
60;1300;22
60;1400;22
60;1500;22
60;1600;22
60;1700;22
80;1;0.1
80;1.5;0.1
80;2;0.1
80;1;0.125
80;1.5;0.125
80;2;0.125
80;1.5;0.15
80;2;0.15
80;1.75;0.175
80;2;0.175
80;2.25;0.15
80;2.5;0.15
80;2.25;0.175
80;2.5;0.175
80;3;0.175
80;2.25;0.2
80;2.5;0.2
80;3;0.2
80;3.25;0.2
80;3.5;0.2
80;4;0.2
80;2.5;0.225
80;2.75;0.225
80;3;0.225
80;3.25;0.225
80;3.5;0.225
80;3.75;0.225
80;4;0.225
80;2.5;0.25
80;2.75;0.25
80;3;0.25
80;3.25;0.25
80;3.5;0.25
80;3.75;0.25
80;4;0.25
80;3;0.275
80;3.25;0.275
80;3.5;0.275
80;3.75;0.275
80;4;0.275
80;4.25;0.275
80;4.5;0.275
80;4.75;0.275
80;5;0.275
80;3.5;0.3
80;3.75;0.3
80;4;0.3
80;4.25;0.3
80;4.5;0.3
80;4.75;0.3
80;5;0.3
80;4;0.35
80;4.5;0.35
80;5;0.35
80;5.5;0.35
80;6;0.35
80;5;0.4
80;6;0.4
80;7;0.4
80;8;0.4
80;6;0.5
80;7;0.5
80;8;0.5
80;9;0.5
80;7;0.6
80;8;0.6
80;9;0.6
80;10;0.6
80;11;0.6
80;12;0.6
80;13;0.6
80;8;0.7
80;9;0.7
80;10;0.7
80;15;0.7
80;11;0.8
80;12;0.8
80;13;0.8
80;14;0.8
80;15;0.8
80;16;0.8
80;17;0.8
80;18;0.8
80;19;0.8
80;11;0.9
80;12;0.9
80;13;0.9
80;14;0.9
80;15;0.9
80;16;0.9
80;17;0.9
80;18;0.9
80;19;0.9
80;14;1
80;15;1
80;16;1
80;17;1
80;18;1
80;19;1
80;20;1
80;21;1
80;17;1.25
80;18;1.25
80;19;1.25
80;20;1.25
80;21;1.25
80;22;1.25
80;23;1.25
80;24;1.25
80;25;1.25
80;26;1.25
80;27;1.25
80;28;1.25
80;19;1.5
80;20;1.5
80;21;1.5
80;22;1.5
80;23;1.5
80;24;1.5
80;25;1.5
80;26;1.5
80;27;1.5
80;28;1.5
80;23;1.75
80;24;1.75
80;25;1.75
80;26;1.75
80;27;1.75
80;28;1.75
80;29;1.75
80;30;1.75
80;31;1.75
80;32;1.75
80;33;1.75
80;25;2
80;26;2
80;27;2
80;28;2
80;29;2
80;30;2
80;31;2
80;32;2
80;33;2
80;34;2
80;35;2
80;36;2
80;37;2
80;38;2
80;39;2
80;40;2
80;41;2
80;42;2
80;30;2.5
80;32;2.5
80;34;2.5
80;36;2.5
80;38;2.5
80;40;2.5
80;42;2.5
80;44;2.5
80;46;2.5
80;48;2.5
80;50;2.5
80;52;2.5
80;39;3
80;41;3
80;43;3
80;45;3
80;47;3
80;49;3
80;51;3
80;53;3
80;55;3
80;57;3
80;59;3
80;61;3
80;63;3
80;65;3
80;67;3
80;45;3.5
80;47;3.5
80;49;3.5
80;51;3.5
80;53;3.5
80;55;3.5
80;57;3.5
80;59;3.5
80;61;3.5
80;63;3.5
80;65;3.5
80;67;3.5
80;69;3.5
80;71;3.5
80;73;3.5
80;75;3.5
80;77;3.5
80;79;3.5
80;60;4
80;63;4
80;66;4
80;69;4
80;72;4
80;75;4
80;78;4
80;81;4
80;84;4
80;87;4
80;90;4
80;93;4
80;96;4
80;99;4
80;70;5
80;75;5
80;80;5
80;85;5
80;90;5
80;95;5
80;100;5
80;105;5
80;110;5
80;115;5
80;120;5
80;85;6
80;90;6
80;95;6
80;100;6
80;105;6
80;110;6
80;115;6
80;120;6
80;125;6
80;130;6
80;135;6
80;140;6
80;145;6
80;150;6
80;120;7
80;130;7
80;140;7
80;150;7
80;160;7
80;170;7
80;180;7
80;140;8.5
80;150;8.5
80;160;8.5
80;170;8.5
80;180;8.5
80;190;8.5
80;200;8.5
80;210;8.5
80;220;8.5
80;170;10
80;180;10
80;190;10
80;200;10
80;210;10
80;220;10
80;230;10
80;240;10
80;250;10
80;260;10
80;270;10
80;200;13
80;225;13
80;250;13
80;275;13
80;300;13
80;325;13
80;250;15
80;275;15
80;300;15
80;325;15
80;350;15
80;375;15
80;400;15
80;300;18
80;325;18
80;350;18
80;375;18
80;400;18
80;425;18
80;450;18
80;475;18
80;500;18
80;350;23
80;375;23
80;400;23
80;425;23
80;450;23
80;475;23
80;500;23
80;525;23
80;550;23
80;575;23
80;600;23
80;450;27
80;475;27
80;500;27
80;525;27
80;550;27
80;575;27
80;600;27
80;625;27
80;650;27
80;675;27
80;700;27
80;725;27
80;750;27
80;775;27
80;525;32
80;550;32
80;575;32
80;600;32
80;625;32
80;650;32
80;675;32
80;700;32
80;725;32
80;750;32
80;775;32
80;800;32
80;825;32
80;850;32
80;875;32
80;900;32
80;925;32
80;950;32
80;975;32
80;1000;32
80;1025;32
80;1050;32
80;1075;32
80;1100;32
80;700;38
80;800;38
80;900;38
80;1000;38
80;1100;38
80;1200;38
100;1;0.15
100;1;0.175
100;1;0.2
100;1.5;0.15
100;1.5;0.175
100;1.5;0.2
100;1.75;0.2
100;1.3;0.25
100;1.4;0.25
100;1.5;0.25
100;1.6;0.25
100;1.7;0.25
100;1.8;0.25
100;1.9;0.25
100;2;0.25
100;2.1;0.25
100;1.5;0.3
100;1.7;0.3
100;1.9;0.3
100;2.1;0.3
100;2.3;0.3
100;2.5;0.3
100;2.7;0.3
100;1.9;0.37
100;2.1;0.37
100;2.3;0.37
100;2.5;0.37
100;2.7;0.37
100;2.9;0.37
100;3.1;0.37
100;3.3;0.37
100;2.3;0.44
100;2.5;0.44
100;2.7;0.44
100;2.9;0.44
100;3.1;0.44
100;3.3;0.44
100;3.5;0.44
100;3.7;0.44
100;3.9;0.44
100;3;0.52
100;3.25;0.52
100;3.5;0.52
100;3.75;0.52
100;4;0.52
100;4.25;0.52
100;4.5;0.52
100;4.75;0.52
100;5;0.52
100;3.5;0.63
100;3.75;0.63
100;4;0.63
100;4.25;0.63
100;4.5;0.63
100;4.75;0.63
100;5;0.63
100;5.25;0.63
100;5.5;0.63
100;5.75;0.63
100;6;0.63
100;4.2;0.8
100;4.5;0.8
100;4.8;0.8
100;5.1;0.8
100;5.4;0.8
100;5.7;0.8
100;6;0.8
100;6.3;0.8
100;6.6;0.8
100;6.9;0.8
100;5.2;0.9
100;5.6;0.9
100;6;0.9
100;6.4;0.9
100;6.8;0.9
100;7.2;0.9
100;7.6;0.9
100;8;0.9
100;8.4;0.9
100;8.8;0.9
100;9.2;0.9
100;7;1.25
100;7.5;1.25
100;8;1.25
100;8.5;1.25
100;9;1.25
100;9.5;1.25
100;10;1.25
100;10.5;1.25
100;11;1.25
100;11.5;1.25
100;12;1.25
100;8;1.5
100;8.5;1.5
100;9;1.5
100;9.5;1.5
100;10;1.5
100;10.5;1.5
100;11;1.5
100;11.5;1.5
100;12;1.5
100;12.5;1.5
100;13;1.5
100;13.5;1.5
100;14;1.5
100;14.5;1.5
100;15;1.5
100;10;1.75
100;11;1.75
100;12;1.75
100;13;1.75
100;14;1.75
100;15;1.75
100;16;1.75
100;17;1.75
100;13;2
100;14;2
100;15;2
100;16;2
100;17;2
100;18;2
100;19;2
100;20;2
100;15;2.5
100;17;2.5
100;19;2.5
100;21;2.5
100;23;2.5
100;25;2.5
100;27;2.5
100;19;3
100;22;3
100;25;3
100;28;3
100;31;3
100;23;3.6
100;26;3.6
100;29;3.6
100;32;3.6
100;35;3.6
100;38;3.6
100;41;3.6
100;30;4.5
100;34;4.5
100;38;4.5
100;42;4.5
100;46;4.5
100;50;4.5
100;38;5.2
100;42;5.2
100;46;5.2
100;50;5.2
100;54;5.2
100;58;5.2
100;62;5.2
100;65;5.2
100;47;6.5
100;52;6.5
100;57;6.5
100;62;6.5
100;67;6.5
100;72;6.5
100;77;6.5
100;80;6.5
100;55;7.8
100;60;7.8
100;65;7.8
100;70;7.8
100;75;7.8
100;80;7.8
100;85;7.8
100;90;7.8
100;95;7.8
100;70;9
100;80;9
100;90;9
100;100;9
100;110;9
100;120;9
100;80;11
100;90;11
100;100;11
100;110;11
100;120;11
100;130;11
100;140;11
100;150;11
100;100;14
100;110;14
100;120;14
100;130;14
100;140;14
100;150;14
100;160;14
100;170;14
100;180;14
100;130;17
100;150;17
100;170;17
100;190;17
100;210;17
100;160;20
100;180;20
100;200;20
100;220;20
100;240;20
100;260;20
100;190;23
100;210;23
100;230;23
100;250;23
100;270;23
100;290;23
100;310;23
100;220;28
100;250;28
100;280;28
100;310;28
100;340;28
100;370;28
100;400;28
100;270;33
100;310;33
100;350;33
100;390;33
100;430;33
100;470;33
100;330;40
100;380;40
100;430;40
100;480;40
100;530;40
100;580;40
100;400;50
100;500;50
100;600;50
100;700;50
100;550;60
100;650;60
100;750;60
100;850;60
100;950;60
100;1050;60
100;600;70
100;700;70
100;800;70
100;900;70
100;1000;70
100;1100;70
120;1;0.25
120;1.2;0.25
120;1;0.3
120;1.2;0.3
120;1.3;0.3
120;1;0.37
120;1.25;0.37
120;1.5;0.37
120;1.75;0.37
120;1.25;0.45
120;1.5;0.45
120;1.75;0.45
120;2;0.45
120;1.5;0.52
120;1.75;0.52
120;2;0.52
120;2.25;0.52
120;2.5;0.52
120;1.75;0.63
120;2;0.63
120;2.25;0.63
120;2.5;0.63
120;2.75;0.63
120;3;0.63
120;2.1;0.79
120;2.4;0.79
120;2.7;0.79
120;3;0.79
120;3.3;0.79
120;3.6;0.79
120;2.7;0.9
120;3.1;0.9
120;3.5;0.9
120;3.9;0.9
120;4.3;0.9
120;4.7;0.9
120;3.3;1.25
120;3.7;1.25
120;4.1;1.25
120;4.5;1.25
120;4.9;1.25
120;5.3;1.25
120;5.7;1.25
120;4;1.5
120;4.5;1.5
120;5;1.5
120;5.5;1.5
120;6;1.5
120;6.5;1.5
120;7;1.5
120;5;1.75
120;5.5;1.75
120;6;1.75
120;6.5;1.75
120;7;1.75
120;7.5;1.75
120;8;1.75
120;6;2
120;7;2
120;8;2
120;9;2
120;10;2
120;8;2.5
120;10;2.5
120;12;2.5
120;14;2.5
120;10;3
120;12;3
120;14;3
120;16;3
120;18;3
120;13;3.6
120;15;3.6
120;17;3.6
120;19;3.6
120;20;3.6
120;15;4.5
120;18;4.5
120;21;4.5
120;24;4.5
120;26;4.5
120;18;5.2
120;21;5.2
120;24;5.2
120;27;5.2
120;30;5.2
120;33;5.2
120;23;6.3
120;26;6.3
120;29;6.3
120;32;6.3
120;35;6.3
120;38;6.3
120;40;6.3
120;28;7.6
120;31;7.6
120;34;7.6
120;37;7.6
120;40;7.6
120;43;7.6
120;46;7.6
120;49;7.6
120;36;9
120;40;9
120;44;9
120;48;9
120;52;9
120;56;9
120;60;9
120;42;11
120;46;11
120;50;11
120;54;11
120;58;11
120;62;11
120;66;11
120;70;11
120;72;11
120;52;14
120;57;14
120;62;14
120;67;14
120;72;14
120;77;14
120;82;14
120;87;14
120;90;14
120;62;17
120;67;17
120;72;17
120;77;17
120;82;17
120;87;17
120;92;17
120;97;17
120;102;17
120;107;17
120;112;17
120;80;19
120;90;19
120;100;19
120;110;19
120;120;19
120;130;19
120;140;19
120;95;23
120;105;23
120;115;23
120;125;23
120;135;23
120;145;23
120;155;23
120;165;23
120;175;23
120;125;27
120;150;27
120;175;27
120;200;27
120;160;32
120;180;32
120;200;32
120;220;32
120;240;32
120;250;32
120;180;39
120;210;39
120;240;39
120;270;39
120;300;39
120;210;48
120;240;48
120;270;48
120;300;48
120;330;48
120;360;48
120;270;57
120;310;57
120;350;57
120;390;57
120;430;57
120;470;57
120;310;70
120;350;70
120;390;70
120;430;70
120;470;70
120;510;70
120;550;70
120;410;82
120;450;82
120;490;82
120;530;82
120;570;82
120;610;82
120;650;82
120;690;82
120;710;82
140;1;0.4
140;1.2;0.4
140;1.2;0.52
140;1.3;0.52
140;1.4;0.52
140;1.3;0.61
140;1.4;0.61
140;1.5;0.61
140;1.6;0.61
140;1.7;0.61
140;1.6;0.77
140;1.7;0.77
140;1.8;0.77
140;1.9;0.77
140;2;0.91
140;2.1;0.91
140;2.2;0.91
140;2.3;0.91
140;2.4;0.91
140;2.5;0.91
140;2.5;1.2
140;2.6;1.2
140;2.7;1.2
140;2.8;1.2
140;2.9;1.2
140;3;1.5
140;3.2;1.5
140;3.4;1.5
140;3.6;1.5
140;3.8;1.5
140;3.5;1.75
140;3.7;1.75
140;3.9;1.75
140;4.1;1.75
140;4.3;1.75
140;4.5;1.75
140;4.5;2
140;4.7;2
140;4.9;2
140;5.1;2
140;5.3;2
140;5.5;2
140;5.7;2
140;5.3;2.4
140;5.6;2.4
140;5.9;2.4
140;6.2;2.4
140;6.5;2.4
140;6.8;2.4
140;7;2.4
140;6.6;2.8
140;7;2.8
140;7.4;2.8
140;7.8;2.8
140;8.2;2.8
140;8.6;2.8
140;8;3.5
140;8.5;3.5
140;9;3.5
140;9.5;3.5
140;10;3.5
140;10;4
140;11;4
140;12;4
140;13;4
140;13;5
140;14;5
140;15;5
140;16;5
140;16;6
140;17;6
140;18;6
140;19;6
140;20;6
140;18;7.1
140;20;7.1
140;22;7.1
140;24;7.1
140;23;8.8
140;25;8.8
140;27;8.8
140;29;8.8
140;29;11
140;31;11
140;33;11
140;35;11
140;37;11
140;35;14
140;37;14
140;39;14
140;41;14
140;43;14
140;45;14
140;42;16
140;44;16
140;46;16
140;48;16
140;50;16
140;52;16
140;54;16
140;52;19
140;55;19
140;58;19
140;61;19
140;64;19
140;67;19
140;70;23
140;75;23
140;80;23
140;85;23
140;90;23
140;90;27
140;95;27
140;100;27
140;105;27
140;110;27
140;110;33
140;120;33
140;130;33
140;140;33
140;140;40
140;150;40
140;160;40
140;170;40
140;160;48
140;170;48
140;180;48
140;190;48
140;200;48
140;190;55
140;200;55
140;210;55
140;220;55
140;230;55
140;240;55
140;250;55
140;230;68
140;250;68
140;270;68
140;290;68
140;300;68
140;280;80
140;300;80
140;320;80
140;340;80
140;360;80
140;330;91
140;350;91
140;370;91
140;390;91
140;410;91
140;430;91
140;410;120
140;430;120
140;450;120
140;470;120
140;490;120
140;510;120
140;500;150
140;530;150
140;560;150
140;590;150
140;620;150
160;1;0.6
160;1;0.7
160;1.2;0.7
160;1.3;0.7
160;1.2;0.82
160;1.3;0.82
160;1.4;0.82
160;1.5;0.82
160;1.4;1
160;1.5;1
160;1.6;1
160;1.7;1
160;1.8;1
160;1.6;1.3
160;1.7;1.3
160;1.8;1.3
160;1.9;1.3
160;2;1.3
160;2.1;1.3
160;2.1;1.5
160;2.3;1.5
160;2.5;1.5
160;2.7;1.5
160;2.6;1.8
160;2.8;1.8
160;3;1.8
160;3.2;1.8
160;3.2;2.1
160;3.4;2.1
160;3.6;2.1
160;3.8;2.1
160;4;2.1
160;3.8;2.6
160;4;2.6
160;4.2;2.6
160;4.4;2.6
160;4.6;2.6
160;4.8;2.6
160;4.8;3.1
160;5;3.1
160;5.2;3.1
160;5.4;3.1
160;5.6;3.1
160;5.8;3.1
160;6;3.1
160;6;3.8
160;6.5;3.8
160;7;3.8
160;7.5;3.8
160;7.1;4.5
160;7.4;4.5
160;7.7;4.5
160;8;4.5
160;8.3;4.5
160;8.6;4.5
160;8.9;4.5
160;8.8;5.4
160;9;5.4
160;9.2;5.4
160;9.4;5.4
160;9.6;5.4
160;9.8;5.4
160;10;5.4
160;10.2;5.4
160;10.4;5.4
160;12;6.5
160;13;6.5
160;14;6.5
160;14;8
160;15;8
160;16;8
160;16;9.2
160;17;9.2
160;18;9.2
160;19;9.2
160;20;9.2
160;21;9.2
160;20;12
160;21;12
160;22;12
160;23;12
160;24;12
160;25;12
160;25;15
160;26;15
160;27;15
160;28;15
160;29;15
160;30;15
160;30;17.5
160;32;17.5
160;34;17.5
160;36;17.5
160;38;17.5
160;38;20
160;40;20
160;42;20
160;44;20
160;46;20
160;48;20
160;45;25
160;48;25
160;51;25
160;54;25
160;57;25
160;57;30
160;60;30
160;63;30
160;66;30
160;69;30
160;72;30
160;75;36
160;80;36
160;85;36
160;90;36
160;95;36
160;92;42
160;97;42
160;102;42
160;107;42
160;112;42
160;117;42
160;112;52
160;117;52
160;122;52
160;127;52
160;132;52
160;137;52
160;142;52
160;147;52
160;152;52
160;140;62
160;145;62
160;150;62
160;155;62
160;160;62
160;165;62
160;170;62
160;175;62
160;180;62
160;175;75
160;190;75
160;205;75
160;210;75
160;200;88
160;220;88
160;240;88
160;260;88
160;270;88
160;260;105
160;270;105
160;280;105
160;290;105
160;300;105
160;310;105
160;320;105
160;300;125
160;325;125
160;350;125
160;375;125
160;360;160
160;390;160
160;420;160
160;450;160
160;480;160
160;450;180
160;500;180
160;550;180
160;560;180
200;1;1
200;1;1.4
200;1.3;1.4
200;1.2;1.6
200;1.3;1.6
200;1.4;1.6
200;1.5;1.6
200;1.5;1.8
200;1.6;1.8
200;1.7;1.8
200;1.8;1.8
200;1.7;2.2
200;1.8;2.2
200;1.9;2.2
200;2;2.2
200;2.1;2.2
200;2.2;2.2
200;2.1;2.75
200;2.2;2.75
200;2.3;2.75
200;2.4;2.75
200;2.5;2.75
200;2.6;2.75
200;2.7;2.75
200;2.6;3.3
200;2.7;3.3
200;2.8;3.3
200;2.9;3.3
200;3;3.3
200;3.1;3.3
200;3.2;3.3
200;3.3;3.3
200;3.2;4
200;3.4;4
200;3.6;4
200;3.8;4
200;4;4
200;4.1;4
200;4;4.8
200;4.5;4.8
200;5;4.8
200;5;5.75
200;5.5;5.75
200;6;5.75
200;6.2;5.75
200;6;7
200;6.3;7
200;6.6;7
200;6.9;7
200;7.2;7
200;7.5;7
200;7.8;7
200;7.4;8.1
200;7.8;8.1
200;8.2;8.1
200;8.6;8.1
200;9;8.1
200;9.2;8.1
200;9.1;10
200;9.4;10
200;9.7;10
200;10;10
200;10.3;10
200;10.6;10
200;10.9;10
200;11.2;10
200;11.5;10
200;11;12.5
200;11.5;12.5
200;12;12.5
200;12.5;12.5
200;13;12.5
200;13.5;12.5
200;14;12.5
200;14;15
200;14.5;15
200;15;15
200;15.5;15
200;16;15
200;16.5;15
200;17;15
200;17.5;15
200;17.5;17.5
200;18;17.5
200;18.5;17.5
200;19;17.5
200;19.5;17.5
200;20;17.5
200;20.5;17.5
200;21;17.5
200;21.5;17.5
200;20;21
200;21;21
200;22;21
200;23;21
200;24;21
200;25;21
200;26;21
200;25;25
200;26;25
200;27;25
200;28;25
200;29;25
200;30;25
200;31;25
200;31;31
200;33;31
200;35;31
200;37;31
200;39;31
200;38;38
200;41;38
200;44;38
200;47;38
200;50;38
200;47;45
200;50;45
200;53;45
200;56;45
200;59;45
200;58;55
200;61;55
200;64;55
200;67;55
200;70;55
200;73;55
200;77;65
200;81;65
200;85;65
200;89;65
200;93;65
200;97;65
200;95;80
200;100;80
200;105;80
200;110;80
200;115;80
200;120;80
200;125;80
200;115;95
200;120;95
200;125;95
200;130;95
200;135;95
200;140;95
200;145;95
200;150;95
200;155;95
200;150;120
200;160;120
200;170;120
200;180;120
200;190;120
200;180;150
200;190;150
200;200;150
200;210;150
200;210;170
200;220;170
200;230;170
200;240;170
200;250;170
200;260;170
200;270;170
200;260;190
200;270;190
200;280;190
200;290;190
200;300;190
200;310;190
200;320;190
240;1;1.5
240;1;2
240;1.3;2
240;1.2;2.5
240;1.3;2.5
240;1.4;2.5
240;1.5;2.5
240;1.4;2.9
240;1.5;2.9
240;1.6;2.9
240;1.7;2.9
240;1.8;2.9
240;1.8;3.5
240;1.9;3.5
240;2;3.5
240;2.1;3.5
240;2.1;4.2
240;2.2;4.2
240;2.3;4.2
240;2.4;4.2
240;2.5;4.2
240;2.6;4.2
240;2.6;5.1
240;2.7;5.1
240;2.8;5.1
240;2.9;5.1
240;3;5.1
240;3.1;5.1
240;3.2;5.1
240;3.2;6.2
240;3.4;6.2
240;3.6;6.2
240;3.8;6.2
240;4;6.2
240;4.2;6.2
240;4;7.25
240;4.5;7.25
240;5;7.25
240;5;9
240;5.5;9
240;6;9
240;6.1;9
240;6;11
240;6.5;11
240;7;11
240;7.5;11
240;7.5;14
240;8;14
240;8.5;14
240;9;14
240;9.5;14
240;9;17
240;9.5;17
240;10;17
240;10.5;17
240;11;17
240;11.5;17
240;12;17
240;12;19
240;13;19
240;14;19
240;14;23
240;15;23
240;16;23
240;17;23
240;17;27.5
240;18;27.5
240;19;27.5
240;20;27.5
240;21;27.5
240;20;32.5
240;21;32.5
240;22;32.5
240;23;32.5
240;24;32.5
240;25;32.5
240;26;32.5
240;25;40
240;27.5;40
240;30;40
240;31;40
240;31;50
240;33;50
240;35;50
240;37;50
240;39;50
240;39;60
240;42;60
240;45;60
240;48;60
240;50;60
240;48;70
240;51;70
240;54;70
240;57;70
240;60;70
240;57;85
240;60;85
240;63;85
240;66;85
240;69;85
240;72;85
240;77;100
240;82;100
240;87;100
240;92;100
240;97;100
240;97;130
240;107;130
240;117;130
240;127;130
240;120;160
240;130;160
240;140;160
240;150;160
240;150;190
240;160;190
240;170;190
240;180;190
240;190;190
